1 Corinthians	1-corinthians
1 Corintios	1-corintios
Alice's Adventures in Wonderland	alices-adventures-in-wonderland
Anne of Green Gables	anne-of-green-gables
Apocalipsis	apocalipsis
As a Man Thinketh	as-a-man-thinketh
Cartas a Lucilio	cartas-a-lucilio
Crimen y Castigo	crimen-y-castigo
Cuentos de la Selva	cuentos-de-la-selva
Dracula	dracula
Efesios	efesios
El Gaucho Martín Fierro	el-gaucho-martin-fierro
El Príncipe	el-principe
Éxodo	exodo
Filipenses	filipenses
Frankenstein	frankenstein
Hebreos	hebreos
Hebrews	hebrews
Hechos	hechos
How to Live on 24 Hours a Day	how-to-live-on-24-hours-a-day
Isaiah	isaiah
Isaías	isaias
Jane Eyre	jane-eyre
John	john
Juan	juan
La Divina Comedia	la-divina-comedia
La Edad de Oro	la-edad-de-oro
Los Cuatro Jinetes del Apocalipsis	los-cuatro-jinetes-del-apocalipsis
Lucas	lucas
Luke	luke
Marcos	marcos
María	maria
Mark	mark
Mateo	mateo
Matthew	matthew
Meditaciones	meditaciones
Meditations	meditations
Orgullo y Prejuicio	orgullo-y-prejuicio
Pepita Jiménez	pepita-jimenez
Platero y yo	platero-y-yo
Pride and Prejudice	pride-and-prejudice
Proverbios	proverbios
Proverbs	proverbs
Psalms	psalms
Revelation	revelation
Rimas	rimas
Romanos	romanos
Romans	romans
Salmos	salmos
Santiago	santiago
The Adventures of Tom Sawyer	the-adventures-of-tom-sawyer
The Art of War	the-art-of-war
The Game of Life and How to Play It	the-game-of-life-and-how-to-play-it
The Picture of Dorian Gray	the-picture-of-dorian-gray
The Scarlet Letter	the-scarlet-letter
The Science of Getting Rich	the-science-of-getting-rich
The Strange Case of Dr Jekyll and Mr Hyde	the-strange-case-of-dr-jekyll-and-mr-hyde
The Time Machine	the-time-machine
Treasure Island	treasure-island
Up from Slavery	up-from-slavery
Viaje al Centro de la Tierra	viaje-al-centro-de-la-tierra
Walden	walden
